field,name
_id1,_id
locatio2,locationId
locatio3,locationTypeCode
locatio4,locationTypeDesc
locatio5,locationCode
locatio6,locationDesc
locatio7,locationName
address8,address
phone9,phone
url10,url
imageUr11,imageUrl
monOpen12,monOpen
monClos13,monClose
tueOpen14,tueOpen
tueClos15,tueClose
wedOpen16,wedOpen
wedClos17,wedClose
thuOpen18,thuOpen
thuClos19,thuClose
friOpen20,friOpen
friClos21,friClose
satOpen22,satOpen
satClos23,satClose
sunOpen24,sunOpen
sunClos25,sunClose
ameniti26,amenities
notes27,notes
eligibi28,eligibility
